{"best_params": {"max_depth": 10, "n_estimators": 100}, "accuracy": 0.847457627118644, "precision": 0.6187050359712231, "recall": 0.5408805031446541, "f1_score": 0.5771812080536913}